pm_id,pm_name,pm_email
PM00001,Elizabeth Harrell,elizabeth.harrell@example.com
PM00002,Julie Jones,julie.jones@example.com
PM00003,Courtney Rhodes,courtney.rhodes@example.com
PM00004,Jennifer Singleton,jennifer.singleton@example.com
PM00005,Ann Foster,ann.foster@example.com
PM00006,Caleb Richardson,caleb.richardson@example.com
PM00007,Deborah James,deborah.james@example.com
PM00008,Jacqueline Leonard,jacqueline.leonard@example.com
PM00009,Manuel Hahn,manuel.hahn@example.com
PM00010,Leonard Holland,leonard.holland@example.com
PM00011,Julie Haynes,julie.haynes@example.com
PM00012,Audrey Williams,audrey.williams@example.com
PM00013,Zachary Wilson,zachary.wilson@example.com
PM00014,Joshua Price,joshua.price@example.com
PM00015,Travis Horton,travis.horton@example.com
PM00016,Laurie Barber,laurie.barber@example.com
PM00017,Mary Bass,mary.bass@example.com
PM00018,Teresa Ramirez,teresa.ramirez@example.com
PM00019,Claudia Wallace,claudia.wallace@example.com
PM00020,Jack Pollard,jack.pollard@example.com
PM00021,Steven Newman,steven.newman@example.com
PM00022,Donald Donaldson,donald.donaldson@example.com
PM00023,Samantha Davis,samantha.davis@example.com
PM00024,Mark Maddox,mark.maddox@example.com
PM00025,Gavin Zhang,gavin.zhang@example.com
PM00026,Christine Gallegos,christine.gallegos@example.com
PM00027,Laurie Li,laurie.li@example.com
PM00028,Raymond Kramer,raymond.kramer@example.com
PM00029,Destiny Riggs,destiny.riggs@example.com
PM00030,Ms. Rebecca Rodriguez,ms..rebecca.rodriguez@example.com
PM00031,Bonnie Howard,bonnie.howard@example.com
PM00032,Leah Smith,leah.smith@example.com
PM00033,Cameron Fisher,cameron.fisher@example.com
PM00034,Arthur West,arthur.west@example.com
PM00035,Kevin Hayes,kevin.hayes@example.com
PM00036,Luis Acosta,luis.acosta@example.com
PM00037,Mary Turner,mary.turner@example.com
PM00038,Amanda Lutz,amanda.lutz@example.com
PM00039,Jessica Rodriguez,jessica.rodriguez@example.com
PM00040,Jill Lam,jill.lam@example.com
PM00041,Charles Martinez,charles.martinez@example.com
PM00042,Lauren Joseph,lauren.joseph@example.com
PM00043,Kyle Phillips,kyle.phillips@example.com
PM00044,Jessica Mcguire,jessica.mcguire@example.com
PM00045,Matthew Rich,matthew.rich@example.com
PM00046,Sharon Jordan,sharon.jordan@example.com
PM00047,Jennifer Wilcox,jennifer.wilcox@example.com
PM00048,Nicholas Edwards,nicholas.edwards@example.com
PM00049,David Mckay,david.mckay@example.com
PM00050,Kara Davis,kara.davis@example.com
PM00051,Jeffrey Garner,jeffrey.garner@example.com
PM00052,Carlos Brown,carlos.brown@example.com
PM00053,Kristina Santiago,kristina.santiago@example.com
PM00054,Shane Pugh,shane.pugh@example.com
PM00055,Thomas Williams,thomas.williams@example.com
PM00056,Erik Garcia,erik.garcia@example.com
PM00057,Brittney Olson,brittney.olson@example.com
PM00058,Hayley Hawkins,hayley.hawkins@example.com
PM00059,Donald Perez,donald.perez@example.com
PM00060,Justin Saunders,justin.saunders@example.com
PM00061,Megan Hawkins,megan.hawkins@example.com
PM00062,Mary Steele,mary.steele@example.com
PM00063,Donald Farmer,donald.farmer@example.com
PM00064,Heather White,heather.white@example.com
PM00065,Matthew Jones,matthew.jones@example.com
PM00066,Valerie Davis,valerie.davis@example.com
PM00067,Jamie Chavez,jamie.chavez@example.com
PM00068,Eric Nguyen,eric.nguyen@example.com
PM00069,Linda Ware,linda.ware@example.com
PM00070,Paul Williams,paul.williams@example.com
PM00071,Jeremy Coleman,jeremy.coleman@example.com
PM00072,Jennifer Lewis,jennifer.lewis@example.com
PM00073,Haley Rodriguez,haley.rodriguez@example.com
PM00074,Leslie Rose,leslie.rose@example.com
PM00075,Daniel Joyce,daniel.joyce@example.com
PM00076,Dan Dougherty,dan.dougherty@example.com
PM00077,Pamela Roberts,pamela.roberts@example.com
PM00078,Jonathan Jordan,jonathan.jordan@example.com
PM00079,Joseph Hall,joseph.hall@example.com
PM00080,Mary Gomez,mary.gomez@example.com
