resource_id,resource_name,resource_email,role,cost_rate_usd_per_hr,default_bill_rate_usd_per_hr,active_flag
RS00001,Crystal Hall,crystal.hall@example.com,Project Coordinator,39.12,77.43,1
RS00002,Heather Watts,heather.watts@example.com,Analytics Engineer,71.65,111.65,1
RS00003,Jonathan Jacobs,jonathan.jacobs@example.com,ML Engineer,87.54,149.48,1
RS00004,Jacqueline Christian,jacqueline.christian@example.com,Project Coordinator,38.97,86.9,1
RS00005,Chad Lee Jr.,chad.lee.jr.@example.com,QA Engineer,35.52,76.05,1
RS00006,Alexis Nelson,alexis.nelson@example.com,Analytics Engineer,61.42,131.83,1
RS00007,Patrick Mcneil,patrick.mcneil@example.com,Project Coordinator,47.55,66.6,1
RS00008,Andrea Ho,andrea.ho@example.com,ML Engineer,86.89,143.86,1
RS00009,Dr. Katherine Nguyen,dr..katherine.nguyen@example.com,BI Developer,63.91,100.9,1
RS00010,David Sullivan,david.sullivan@example.com,BI Developer,55.31,117.72,1
RS00011,Nicolas James,nicolas.james@example.com,ML Engineer,76.27,134.22,1
RS00012,Logan Newton,logan.newton@example.com,Data Analyst,54.61,108.93,1
RS00013,Kelly Liu,kelly.liu@example.com,QA Engineer,44.45,67.17,1
RS00014,Kelly Hayes,kelly.hayes@example.com,ML Engineer,78.48,147.71,1
RS00015,Amanda Forbes,amanda.forbes@example.com,Data Engineer,59.05,118.03,1
RS00016,Jennifer Moss,jennifer.moss@example.com,Analytics Engineer,84.94,120.81,1
RS00017,Kelli Mccoy,kelli.mccoy@example.com,Data Engineer,63.87,109.02,1
RS00018,Eddie Sanders,eddie.sanders@example.com,Analytics Engineer,62.88,135.91,1
RS00019,Ronald Murray,ronald.murray@example.com,QA Engineer,45.37,78.55,1
RS00020,Louis Brown,louis.brown@example.com,QA Engineer,51.49,80.47,1
RS00021,Brenda Gallegos,brenda.gallegos@example.com,Analytics Engineer,76.21,107.15,1
RS00022,Nathan Wilson,nathan.wilson@example.com,Project Coordinator,50.34,87.92,1
RS00023,Teresa Horton,teresa.horton@example.com,ML Engineer,86.22,163.41,1
RS00024,Jason Hayes,jason.hayes@example.com,Backend Engineer,68.79,136.71,1
RS00025,Kevin Marquez,kevin.marquez@example.com,ML Engineer,85.05,150.36,1
RS00026,Jesse Wright,jesse.wright@example.com,Analytics Engineer,70.04,116.83,1
RS00027,Susan Hogan,susan.hogan@example.com,Data Engineer,58.17,108.71,1
RS00028,Becky Wilson,becky.wilson@example.com,Analytics Engineer,64.07,130.7,1
RS00029,Jack Mills,jack.mills@example.com,Project Coordinator,35.22,57.05,1
RS00030,Richard Hunt,richard.hunt@example.com,BI Developer,58.81,105.83,1
RS00031,Jamie James,jamie.james@example.com,BI Developer,66.8,105.19,1
RS00032,Susan Cunningham,susan.cunningham@example.com,QA Engineer,43.64,93.11,1
RS00033,Brittany Melton,brittany.melton@example.com,Data Engineer,68.51,97.77,1
RS00034,Michael Barnes,michael.barnes@example.com,Analytics Engineer,74.15,136.78,1
RS00035,Randy Griffin,randy.griffin@example.com,QA Engineer,44.91,75.37,1
RS00036,Autumn Anderson,autumn.anderson@example.com,ML Engineer,73.59,135.3,1
RS00037,Marcus King,marcus.king@example.com,Backend Engineer,75.82,140.85,1
RS00038,Scott Stephens,scott.stephens@example.com,Project Coordinator,32.02,87.88,1
RS00039,Stephen Young,stephen.young@example.com,Project Coordinator,48.88,75.53,1
RS00040,Karen Ortiz,karen.ortiz@example.com,ML Engineer,90.71,132.81,1
RS00041,Kyle Sanchez,kyle.sanchez@example.com,Backend Engineer,76.92,142.05,1
RS00042,Lisa Grant,lisa.grant@example.com,BI Developer,65.72,112.42,1
RS00043,Amber Hernandez,amber.hernandez@example.com,Data Analyst,46.93,107.93,1
RS00044,Amanda Nash,amanda.nash@example.com,BI Developer,48.11,115.63,1
RS00045,Sara Evans,sara.evans@example.com,Analytics Engineer,84.27,111.2,1
RS00046,Amber Butler,amber.butler@example.com,ML Engineer,88.05,131.41,1
RS00047,Michael Carr,michael.carr@example.com,Analytics Engineer,70.14,123.07,1
RS00048,Linda Cobb,linda.cobb@example.com,QA Engineer,49.52,97.76,1
RS00049,Jesse Riley,jesse.riley@example.com,Data Engineer,71.81,111.84,1
RS00050,Anna Evans,anna.evans@example.com,Data Engineer,75.24,128.27,1
RS00051,James Jones,james.jones@example.com,QA Engineer,35.55,99.39,1
RS00052,Joshua Carter,joshua.carter@example.com,Analytics Engineer,62.15,133.5,1
RS00053,Michael Hill,michael.hill@example.com,Data Engineer,62.01,99.63,1
RS00054,Kelly Dominguez,kelly.dominguez@example.com,BI Developer,56.0,107.54,1
RS00055,Ashley Blair,ashley.blair@example.com,Project Coordinator,39.52,56.91,1
RS00056,Victoria Webb,victoria.webb@example.com,Project Coordinator,44.99,86.58,1
RS00057,Taylor Andersen,taylor.andersen@example.com,QA Engineer,44.58,72.57,1
RS00058,Lee Stewart,lee.stewart@example.com,Project Coordinator,41.06,56.69,1
RS00059,Whitney Gomez,whitney.gomez@example.com,ML Engineer,90.51,158.92,1
RS00060,Justin Stone,justin.stone@example.com,Backend Engineer,79.7,132.36,1
RS00061,Katherine White,katherine.white@example.com,QA Engineer,54.99,84.41,1
RS00062,Michelle Krause,michelle.krause@example.com,ML Engineer,90.65,152.1,1
RS00063,Alexander Garrett,alexander.garrett@example.com,Analytics Engineer,79.61,125.95,1
RS00064,Ryan Marsh,ryan.marsh@example.com,BI Developer,55.35,118.53,1
RS00065,Mrs. Felicia Castro DDS,mrs..felicia.castro.dds@example.com,BI Developer,58.53,106.18,1
RS00066,Curtis Campbell,curtis.campbell@example.com,Data Engineer,60.51,116.9,1
RS00067,Elizabeth Hunter,elizabeth.hunter@example.com,Data Analyst,54.29,81.47,1
RS00068,Aaron Jennings,aaron.jennings@example.com,Analytics Engineer,61.49,126.15,1
RS00069,Nathaniel Gilbert,nathaniel.gilbert@example.com,Data Engineer,74.09,113.32,1
RS00070,Christopher Rivera,christopher.rivera@example.com,Data Analyst,45.67,98.33,1
RS00071,Michael Hendricks,michael.hendricks@example.com,Data Engineer,57.0,110.46,1
RS00072,Maria Olson,maria.olson@example.com,Data Analyst,44.08,81.46,1
RS00073,Stephanie Herrera,stephanie.herrera@example.com,Project Coordinator,35.06,68.53,1
RS00074,Richard Gutierrez,richard.gutierrez@example.com,BI Developer,46.28,98.92,1
RS00075,Sandy Evans,sandy.evans@example.com,Data Analyst,52.79,91.92,1
RS00076,Emily Herrera,emily.herrera@example.com,QA Engineer,44.57,94.37,1
RS00077,Michael Marsh,michael.marsh@example.com,Data Analyst,43.63,92.7,1
RS00078,Heather Montes,heather.montes@example.com,Analytics Engineer,61.55,107.49,1
RS00079,Andre Terrell,andre.terrell@example.com,ML Engineer,84.35,149.81,1
RS00080,Sarah Duncan,sarah.duncan@example.com,Project Coordinator,51.95,74.53,1
RS00081,Kurt Hancock,kurt.hancock@example.com,BI Developer,68.99,86.7,1
RS00082,Michele Edwards,michele.edwards@example.com,Project Coordinator,32.45,56.54,1
RS00083,Jason Crawford,jason.crawford@example.com,QA Engineer,39.63,83.94,1
RS00084,Jesse Sampson,jesse.sampson@example.com,Data Engineer,71.14,96.6,1
RS00085,Eric Rodriguez,eric.rodriguez@example.com,Analytics Engineer,83.65,134.48,1
RS00086,Paula Gentry,paula.gentry@example.com,BI Developer,52.42,87.7,1
RS00087,Alexander Webb,alexander.webb@example.com,BI Developer,49.25,89.44,1
RS00088,Cheryl Mclean,cheryl.mclean@example.com,Project Coordinator,33.08,73.15,1
RS00089,Kelly Rowe,kelly.rowe@example.com,Project Coordinator,36.15,67.53,1
RS00090,Shane Short,shane.short@example.com,Project Coordinator,54.74,78.95,1
RS00091,Megan Anderson,megan.anderson@example.com,Data Engineer,78.72,99.99,1
RS00092,Julia Reeves,julia.reeves@example.com,Project Coordinator,39.55,74.42,1
RS00093,April Randolph,april.randolph@example.com,Data Analyst,41.92,75.15,1
RS00094,Linda Miller,linda.miller@example.com,Data Analyst,56.76,97.46,1
RS00095,Angel Meyer,angel.meyer@example.com,ML Engineer,80.27,147.14,1
RS00096,Emily Lane,emily.lane@example.com,QA Engineer,45.39,65.84,1
RS00097,Steven Flores,steven.flores@example.com,Data Engineer,63.38,101.2,1
RS00098,Donald Flores,donald.flores@example.com,Backend Engineer,67.46,153.49,1
RS00099,Bruce Hernandez,bruce.hernandez@example.com,Data Engineer,69.98,120.5,1
RS00100,Adrian Dean,adrian.dean@example.com,Analytics Engineer,67.88,118.76,1
RS00101,Christine Bell,christine.bell@example.com,QA Engineer,40.92,68.39,1
RS00102,Charles Bush,charles.bush@example.com,QA Engineer,39.48,92.91,1
RS00103,David Jones,david.jones@example.com,Project Coordinator,46.94,74.14,1
RS00104,Gina Wallace,gina.wallace@example.com,ML Engineer,81.88,162.29,1
RS00105,John Lowe,john.lowe@example.com,Data Engineer,56.82,104.82,1
RS00106,Anthony Simmons,anthony.simmons@example.com,Project Coordinator,38.75,82.38,1
RS00107,Kyle Watkins,kyle.watkins@example.com,QA Engineer,59.81,73.42,1
RS00108,Melissa Jensen,melissa.jensen@example.com,Project Coordinator,51.86,84.07,1
RS00109,Robert Marquez,robert.marquez@example.com,Project Coordinator,35.62,68.98,1
RS00110,Kim Beltran,kim.beltran@example.com,Data Analyst,50.24,109.24,1
RS00111,Julie Anderson,julie.anderson@example.com,Data Engineer,59.52,122.97,1
RS00112,Tamara Mcdonald,tamara.mcdonald@example.com,Data Engineer,63.35,120.58,1
RS00113,Michael Mckinney,michael.mckinney@example.com,QA Engineer,45.5,85.24,1
RS00114,David Walker,david.walker@example.com,Backend Engineer,85.82,148.15,1
RS00115,Lisa Durham,lisa.durham@example.com,Analytics Engineer,81.66,107.09,1
RS00116,Michael Ortega,michael.ortega@example.com,ML Engineer,87.3,134.9,1
RS00117,Sonya Chavez,sonya.chavez@example.com,QA Engineer,45.4,84.2,1
RS00118,John Bell,john.bell@example.com,Project Coordinator,40.07,73.19,1
RS00119,Christopher Tate,christopher.tate@example.com,Analytics Engineer,84.91,109.73,1
RS00120,Bethany Garcia,bethany.garcia@example.com,Project Coordinator,46.89,68.86,1
RS00121,Rebecca Nguyen,rebecca.nguyen@example.com,Backend Engineer,68.33,125.56,1
RS00122,Rebecca Patel,rebecca.patel@example.com,Project Coordinator,53.73,85.79,1
RS00123,Jason Oliver,jason.oliver@example.com,QA Engineer,57.68,99.7,1
RS00124,Valerie Reyes,valerie.reyes@example.com,Data Engineer,60.21,107.44,1
RS00125,Robert Garza,robert.garza@example.com,BI Developer,61.73,101.93,1
RS00126,Jessica Cobb,jessica.cobb@example.com,ML Engineer,80.46,142.52,1
RS00127,Cynthia Bates,cynthia.bates@example.com,Data Analyst,54.84,95.15,1
RS00128,Timothy Andrews,timothy.andrews@example.com,Project Coordinator,34.04,71.51,1
RS00129,Mr. Joel Peters,mr..joel.peters@example.com,Backend Engineer,78.84,139.96,1
RS00130,Casey Blanchard,casey.blanchard@example.com,Project Coordinator,35.25,80.98,1
RS00131,Brian Cervantes,brian.cervantes@example.com,Data Analyst,40.63,87.42,1
RS00132,Jamie Snyder,jamie.snyder@example.com,Data Analyst,59.51,94.74,1
RS00133,Ann Montoya,ann.montoya@example.com,Backend Engineer,71.53,144.32,1
RS00134,Stephanie Fields,stephanie.fields@example.com,Project Coordinator,44.18,82.87,1
RS00135,Charles Hernandez,charles.hernandez@example.com,BI Developer,63.38,106.35,1
RS00136,Jean Lane,jean.lane@example.com,ML Engineer,82.2,134.66,1
RS00137,Michael Stewart,michael.stewart@example.com,QA Engineer,41.53,79.67,1
RS00138,Susan Torres,susan.torres@example.com,QA Engineer,49.98,82.98,1
RS00139,Jessica Haas,jessica.haas@example.com,Backend Engineer,72.2,120.23,1
RS00140,Brandon Smith,brandon.smith@example.com,Project Coordinator,42.41,65.0,1
RS00141,Mrs. Bethany Phillips,mrs..bethany.phillips@example.com,BI Developer,63.37,85.84,1
RS00142,Joshua Brown,joshua.brown@example.com,Data Analyst,54.62,107.95,1
RS00143,Samantha Howard,samantha.howard@example.com,ML Engineer,74.36,146.51,1
RS00144,Sharon Young,sharon.young@example.com,Analytics Engineer,62.29,126.9,1
RS00145,Jennifer Flores,jennifer.flores@example.com,Project Coordinator,43.76,69.26,1
RS00146,James Gardner,james.gardner@example.com,BI Developer,58.03,116.38,1
RS00147,Karen Lopez,karen.lopez@example.com,BI Developer,49.91,85.79,1
RS00148,Tim Larsen,tim.larsen@example.com,Data Analyst,61.54,95.2,1
RS00149,Zachary Santiago,zachary.santiago@example.com,BI Developer,67.27,105.89,1
RS00150,Benjamin Smith,benjamin.smith@example.com,Project Coordinator,50.25,70.04,1
RS00151,Katelyn Kim,katelyn.kim@example.com,Analytics Engineer,78.75,136.96,1
RS00152,Angela May MD,angela.may.md@example.com,QA Engineer,49.3,71.33,1
RS00153,Richard Munoz,richard.munoz@example.com,Project Coordinator,36.72,61.95,1
RS00154,Christopher Hicks,christopher.hicks@example.com,ML Engineer,76.17,140.72,1
RS00155,Joanna Kelly,joanna.kelly@example.com,Data Analyst,53.88,95.58,1
RS00156,Larry Lane,larry.lane@example.com,Data Analyst,50.66,96.54,1
RS00157,Cynthia Shaw,cynthia.shaw@example.com,Data Engineer,57.04,98.07,1
RS00158,Joshua Richardson,joshua.richardson@example.com,Data Engineer,59.3,113.13,1
RS00159,Laura Bush,laura.bush@example.com,Backend Engineer,70.35,129.91,1
RS00160,John Vaughn,john.vaughn@example.com,ML Engineer,80.01,158.42,1
RS00161,Nicholas Terrell,nicholas.terrell@example.com,Backend Engineer,65.35,142.73,1
RS00162,Dr. Julie Miller,dr..julie.miller@example.com,BI Developer,61.72,112.95,1
RS00163,Ann Kennedy,ann.kennedy@example.com,BI Developer,68.32,85.7,1
RS00164,Toni Miller,toni.miller@example.com,Data Engineer,58.84,126.02,1
RS00165,Rebecca Edwards,rebecca.edwards@example.com,Analytics Engineer,71.46,124.76,1
RS00166,Greg Osborne,greg.osborne@example.com,Backend Engineer,81.58,143.77,1
RS00167,Jose Harrison,jose.harrison@example.com,QA Engineer,58.29,99.89,1
RS00168,Jennifer Yu,jennifer.yu@example.com,Analytics Engineer,78.0,115.05,1
RS00169,Donna Johnson,donna.johnson@example.com,Data Analyst,61.99,76.72,1
RS00170,Nicole Acosta,nicole.acosta@example.com,Analytics Engineer,65.78,136.41,1
RS00171,Amy Kennedy,amy.kennedy@example.com,Data Analyst,46.4,82.72,1
RS00172,Anthony Mooney,anthony.mooney@example.com,Project Coordinator,33.45,85.07,1
RS00173,Lori Mitchell,lori.mitchell@example.com,ML Engineer,82.5,153.62,1
RS00174,Jonathan York,jonathan.york@example.com,Backend Engineer,70.98,146.53,1
RS00175,Casey Campbell,casey.campbell@example.com,Backend Engineer,84.0,130.94,1
RS00176,Alexis Rodriguez,alexis.rodriguez@example.com,Data Engineer,65.27,102.34,1
RS00177,Kevin Hernandez,kevin.hernandez@example.com,ML Engineer,94.41,152.6,1
RS00178,Robert Green,robert.green@example.com,BI Developer,68.36,95.62,1
RS00179,Kari Lloyd,kari.lloyd@example.com,Analytics Engineer,79.55,131.81,1
RS00180,Grace Miller,grace.miller@example.com,Data Engineer,72.29,128.8,1
RS00181,Timothy Moore,timothy.moore@example.com,Project Coordinator,39.84,59.58,1
RS00182,Wyatt Townsend II,wyatt.townsend.ii@example.com,Project Coordinator,46.79,80.53,1
RS00183,Mark Clark,mark.clark@example.com,Analytics Engineer,74.38,112.24,1
RS00184,Haley May,haley.may@example.com,Analytics Engineer,72.61,115.93,1
RS00185,Audrey Jackson,audrey.jackson@example.com,Analytics Engineer,70.69,127.58,1
RS00186,Eric Reese,eric.reese@example.com,Data Engineer,73.63,103.13,1
RS00187,Kim James,kim.james@example.com,Analytics Engineer,70.13,114.42,1
RS00188,Karen Thomas,karen.thomas@example.com,BI Developer,49.97,112.42,1
RS00189,Alexandra Ho,alexandra.ho@example.com,Analytics Engineer,82.73,117.96,1
RS00190,Michael Nixon,michael.nixon@example.com,Data Analyst,58.78,106.39,1
RS00191,Amanda Hardin,amanda.hardin@example.com,Backend Engineer,86.15,126.4,1
RS00192,Tina Reynolds,tina.reynolds@example.com,BI Developer,68.91,98.18,1
RS00193,Shannon Rogers,shannon.rogers@example.com,ML Engineer,78.48,132.19,1
RS00194,Brett Pena,brett.pena@example.com,Project Coordinator,42.15,58.82,1
RS00195,Raymond Curry,raymond.curry@example.com,Project Coordinator,36.21,66.09,1
RS00196,Leah Lee,leah.lee@example.com,Analytics Engineer,80.22,135.64,1
RS00197,Michael White,michael.white@example.com,BI Developer,52.56,115.05,1
RS00198,Megan Decker,megan.decker@example.com,Backend Engineer,86.43,146.76,1
RS00199,Brent Garcia,brent.garcia@example.com,Backend Engineer,68.67,144.16,1
RS00200,Daniel Campbell,daniel.campbell@example.com,BI Developer,68.63,108.89,1
RS00201,Alexander Davis,alexander.davis@example.com,Analytics Engineer,68.29,122.52,1
RS00202,Mary Houston,mary.houston@example.com,Data Analyst,56.14,92.87,1
RS00203,Margaret Erickson,margaret.erickson@example.com,Project Coordinator,33.0,65.92,1
RS00204,Scott Anderson,scott.anderson@example.com,QA Engineer,55.06,95.15,1
RS00205,Stephanie Knight,stephanie.knight@example.com,Data Engineer,58.43,128.33,1
RS00206,Stephanie Dominguez,stephanie.dominguez@example.com,Data Analyst,48.22,98.18,1
RS00207,John Mayer,john.mayer@example.com,Project Coordinator,48.8,83.42,1
RS00208,Tammy Hill,tammy.hill@example.com,Backend Engineer,88.64,130.95,1
RS00209,Steven Carrillo,steven.carrillo@example.com,ML Engineer,91.46,134.61,1
RS00210,Christopher Jones,christopher.jones@example.com,BI Developer,62.63,110.97,1
RS00211,Janet Cook,janet.cook@example.com,Analytics Engineer,76.94,113.83,1
RS00212,Tyler Baker,tyler.baker@example.com,ML Engineer,91.83,135.91,1
RS00213,John Mcfarland,john.mcfarland@example.com,Backend Engineer,66.34,145.11,1
RS00214,Cassandra Vasquez,cassandra.vasquez@example.com,QA Engineer,46.89,94.72,1
RS00215,Randy Robinson,randy.robinson@example.com,Backend Engineer,74.58,125.89,1
RS00216,Susan Baldwin,susan.baldwin@example.com,Data Analyst,60.91,94.21,1
RS00217,Benjamin Duncan,benjamin.duncan@example.com,BI Developer,49.73,110.21,1
RS00218,Jeremy Mosley,jeremy.mosley@example.com,QA Engineer,47.78,86.15,1
RS00219,Martin Fitzpatrick,martin.fitzpatrick@example.com,Data Analyst,51.52,104.0,1
RS00220,Deborah Graves,deborah.graves@example.com,BI Developer,65.74,109.83,1
RS00221,Laura Robertson,laura.robertson@example.com,QA Engineer,37.64,94.36,1
RS00222,Katherine Graham,katherine.graham@example.com,QA Engineer,51.78,89.4,1
RS00223,Priscilla Floyd,priscilla.floyd@example.com,QA Engineer,44.07,95.77,1
RS00224,April Finley,april.finley@example.com,Project Coordinator,48.13,58.94,1
RS00225,Karen Bradley,karen.bradley@example.com,Backend Engineer,75.19,151.02,1
RS00226,Heather Maldonado,heather.maldonado@example.com,Data Engineer,56.18,128.65,1
RS00227,Mark Benjamin,mark.benjamin@example.com,Project Coordinator,46.98,77.1,1
RS00228,Joseph Woodward,joseph.woodward@example.com,BI Developer,51.76,93.71,1
RS00229,Joe Miranda,joe.miranda@example.com,Data Engineer,78.55,105.44,1
RS00230,Cassandra Williams,cassandra.williams@example.com,Analytics Engineer,79.39,118.76,1
RS00231,Connor Dominguez,connor.dominguez@example.com,Analytics Engineer,63.48,105.38,1
RS00232,Lydia Howard,lydia.howard@example.com,Backend Engineer,78.61,154.15,1
RS00233,Mark Moss,mark.moss@example.com,Backend Engineer,74.23,132.5,1
RS00234,Corey Cortez,corey.cortez@example.com,QA Engineer,43.6,83.22,1
RS00235,Katherine Brown,katherine.brown@example.com,BI Developer,56.02,115.8,1
RS00236,Elizabeth Ferguson,elizabeth.ferguson@example.com,QA Engineer,47.64,82.77,1
RS00237,Joann Forbes,joann.forbes@example.com,Data Engineer,58.46,129.4,1
RS00238,Anthony French,anthony.french@example.com,QA Engineer,41.25,67.57,1
RS00239,Bruce Roman,bruce.roman@example.com,Data Engineer,71.58,115.84,1
RS00240,Judy Gregory,judy.gregory@example.com,BI Developer,55.38,99.78,1
RS00241,Brittany Riley,brittany.riley@example.com,Data Engineer,74.63,101.85,1
RS00242,Amanda Thomas,amanda.thomas@example.com,ML Engineer,90.51,152.71,1
RS00243,Kaitlin Hardin,kaitlin.hardin@example.com,QA Engineer,45.47,81.03,1
RS00244,Michael Anderson,michael.anderson@example.com,QA Engineer,41.42,91.32,1
RS00245,Anthony Parker,anthony.parker@example.com,ML Engineer,82.82,141.23,1
RS00246,Joy Jackson,joy.jackson@example.com,Backend Engineer,79.9,154.85,1
RS00247,Sabrina Rodriguez,sabrina.rodriguez@example.com,Backend Engineer,75.88,152.22,1
RS00248,Robert Walker PhD,robert.walker.phd@example.com,Data Engineer,63.63,96.92,1
RS00249,Robert Hendrix,robert.hendrix@example.com,ML Engineer,75.11,144.65,1
RS00250,Erika Daugherty,erika.daugherty@example.com,BI Developer,50.49,85.01,1
RS00251,Brenda Copeland,brenda.copeland@example.com,QA Engineer,57.88,94.54,1
RS00252,Pamela Watkins,pamela.watkins@example.com,Project Coordinator,48.56,60.87,1
RS00253,Bryan Thomas,bryan.thomas@example.com,Data Analyst,43.01,77.37,1
RS00254,Michael Tran,michael.tran@example.com,Project Coordinator,48.1,87.51,1
RS00255,Timothy Williams,timothy.williams@example.com,Backend Engineer,75.76,124.17,1
RS00256,Ryan Salazar,ryan.salazar@example.com,QA Engineer,47.81,77.21,1
RS00257,Alexis Tucker,alexis.tucker@example.com,Data Analyst,49.37,96.75,1
RS00258,Christopher Davis,christopher.davis@example.com,ML Engineer,87.97,133.87,1
RS00259,Stacie Butler,stacie.butler@example.com,Analytics Engineer,60.89,139.8,1
RS00260,Patricia Schwartz,patricia.schwartz@example.com,Data Engineer,60.82,96.88,1
RS00261,Mark Mills,mark.mills@example.com,Backend Engineer,69.75,121.36,1
RS00262,Todd Bishop,todd.bishop@example.com,QA Engineer,44.8,93.08,1
RS00263,Christopher Porter,christopher.porter@example.com,BI Developer,53.53,100.55,1
RS00264,Lori Patton,lori.patton@example.com,ML Engineer,86.89,147.81,1
RS00265,Aaron Young,aaron.young@example.com,Data Analyst,61.54,105.31,1
RS00266,Joseph Davis,joseph.davis@example.com,Analytics Engineer,60.25,132.23,1
RS00267,Philip Fernandez,philip.fernandez@example.com,ML Engineer,81.52,164.61,1
RS00268,Randy Hopkins,randy.hopkins@example.com,Backend Engineer,77.08,154.54,1
RS00269,Cory Hogan,cory.hogan@example.com,BI Developer,63.86,93.7,1
RS00270,Tracy Wells,tracy.wells@example.com,Data Engineer,68.46,129.72,1
RS00271,Michael Williams,michael.williams@example.com,Data Engineer,76.44,98.41,1
RS00272,Dominique Hamilton,dominique.hamilton@example.com,ML Engineer,87.66,142.1,1
RS00273,Robert Chang,robert.chang@example.com,Data Analyst,40.17,89.12,1
RS00274,Patrick Buckley,patrick.buckley@example.com,ML Engineer,75.87,158.66,1
RS00275,Richard Washington,richard.washington@example.com,QA Engineer,43.43,93.96,1
RS00276,Steven Griffith,steven.griffith@example.com,Analytics Engineer,60.01,115.77,1
RS00277,Erika Gonzalez,erika.gonzalez@example.com,Data Engineer,61.03,103.17,1
RS00278,Erika Maxwell,erika.maxwell@example.com,Backend Engineer,66.7,126.55,1
RS00279,Brent Rojas,brent.rojas@example.com,ML Engineer,83.89,140.2,1
RS00280,Jaime Walker,jaime.walker@example.com,Backend Engineer,75.43,133.19,1
RS00281,John Zamora,john.zamora@example.com,Analytics Engineer,81.9,136.69,1
RS00282,Timothy Gibson,timothy.gibson@example.com,Data Engineer,67.32,106.56,1
RS00283,Chad Cortez,chad.cortez@example.com,Analytics Engineer,62.67,138.37,1
RS00284,Vanessa Harris,vanessa.harris@example.com,Project Coordinator,31.51,65.42,1
RS00285,Michael Brown,michael.brown@example.com,ML Engineer,77.45,141.21,1
RS00286,Samuel Ellis,samuel.ellis@example.com,Data Engineer,59.11,122.41,1
RS00287,Greg Tanner,greg.tanner@example.com,Project Coordinator,33.06,77.22,1
RS00288,Rachel Little,rachel.little@example.com,Backend Engineer,68.1,122.47,1
RS00289,Carolyn Cordova,carolyn.cordova@example.com,Data Analyst,62.74,81.65,1
RS00290,Angelica Vincent,angelica.vincent@example.com,Data Analyst,60.53,94.06,1
RS00291,Zachary Vargas PhD,zachary.vargas.phd@example.com,Backend Engineer,66.95,153.44,1
RS00292,Nicholas Fitzgerald,nicholas.fitzgerald@example.com,ML Engineer,76.17,160.09,1
RS00293,Garrett Riley,garrett.riley@example.com,ML Engineer,74.22,159.89,1
RS00294,Leslie Hernandez,leslie.hernandez@example.com,BI Developer,45.33,102.91,1
RS00295,Abigail Baird,abigail.baird@example.com,QA Engineer,54.24,97.72,1
RS00296,John Mack,john.mack@example.com,Data Analyst,62.73,103.69,1
RS00297,Joseph Mendoza,joseph.mendoza@example.com,Analytics Engineer,82.2,111.97,1
RS00298,Samantha Chavez,samantha.chavez@example.com,Backend Engineer,72.1,130.11,1
RS00299,Justin Smith,justin.smith@example.com,Data Analyst,49.43,88.77,1
RS00300,Tiffany Anderson,tiffany.anderson@example.com,Backend Engineer,78.61,125.6,1
RS00301,Matthew Davis,matthew.davis@example.com,Project Coordinator,47.28,60.86,1
RS00302,Eric Warner,eric.warner@example.com,Analytics Engineer,67.76,122.62,1
RS00303,Nicole Johnson,nicole.johnson@example.com,BI Developer,64.91,110.88,1
RS00304,Raymond Sawyer,raymond.sawyer@example.com,QA Engineer,51.14,70.45,1
RS00305,Richard Wood,richard.wood@example.com,QA Engineer,48.68,68.06,1
RS00306,Mark Dalton,mark.dalton@example.com,Analytics Engineer,69.43,119.47,1
RS00307,Steven Cook,steven.cook@example.com,Analytics Engineer,61.0,114.59,1
RS00308,Jeffery Nelson,jeffery.nelson@example.com,Data Engineer,78.89,128.38,1
RS00309,Kimberly Norton,kimberly.norton@example.com,QA Engineer,43.81,66.51,1
RS00310,Angela Gilmore,angela.gilmore@example.com,BI Developer,49.48,98.73,1
RS00311,Amy Dougherty,amy.dougherty@example.com,Project Coordinator,53.69,59.94,1
RS00312,Stacy Rodriguez,stacy.rodriguez@example.com,Data Analyst,59.09,78.8,1
RS00313,Manuel Diaz,manuel.diaz@example.com,Project Coordinator,54.53,68.36,1
RS00314,Justin Jones,justin.jones@example.com,Analytics Engineer,79.38,116.99,1
RS00315,Christine Zavala,christine.zavala@example.com,Backend Engineer,80.69,126.72,1
RS00316,Brian Mendoza,brian.mendoza@example.com,QA Engineer,38.65,97.83,1
RS00317,Lauren Haley,lauren.haley@example.com,QA Engineer,57.94,96.06,1
RS00318,Patrick Perez,patrick.perez@example.com,ML Engineer,85.64,158.29,1
RS00319,Derek Frazier,derek.frazier@example.com,Project Coordinator,31.73,66.72,1
RS00320,Arthur Reed,arthur.reed@example.com,QA Engineer,42.84,87.25,1
RS00321,Mr. Bryan Mckinney,mr..bryan.mckinney@example.com,Project Coordinator,38.9,60.2,1
RS00322,Kim Carter,kim.carter@example.com,Project Coordinator,44.91,83.5,1
RS00323,Rebecca Dougherty,rebecca.dougherty@example.com,QA Engineer,44.55,69.63,1
RS00324,Teresa Jones,teresa.jones@example.com,BI Developer,49.92,93.31,1
RS00325,Judith Miller,judith.miller@example.com,BI Developer,52.5,107.5,1
RS00326,Donna Frye,donna.frye@example.com,BI Developer,60.02,109.36,1
RS00327,Donald Terry,donald.terry@example.com,Project Coordinator,39.06,83.84,1
RS00328,Shaun Meyer DDS,shaun.meyer.dds@example.com,Project Coordinator,35.1,71.42,1
RS00329,Wayne Weaver,wayne.weaver@example.com,BI Developer,65.02,91.31,1
RS00330,Gregory Wallace,gregory.wallace@example.com,Analytics Engineer,62.75,135.93,1
RS00331,Dorothy Brown,dorothy.brown@example.com,Data Analyst,48.57,98.94,1
RS00332,Crystal Meza,crystal.meza@example.com,Project Coordinator,30.63,79.15,1
RS00333,Jennifer Cooper,jennifer.cooper@example.com,Project Coordinator,37.9,56.95,1
RS00334,Erin Watkins,erin.watkins@example.com,Data Engineer,70.25,103.43,1
RS00335,Sarah Wallace,sarah.wallace@example.com,BI Developer,54.67,87.82,1
RS00336,Carlos Clarke,carlos.clarke@example.com,Backend Engineer,68.68,130.43,1
RS00337,David Washington,david.washington@example.com,Analytics Engineer,62.24,136.88,1
RS00338,Patricia Williams,patricia.williams@example.com,QA Engineer,35.15,81.94,1
RS00339,Jesus Jackson,jesus.jackson@example.com,Analytics Engineer,63.08,115.77,1
RS00340,Michelle Mitchell,michelle.mitchell@example.com,Analytics Engineer,83.15,110.66,1
RS00341,Sara Schwartz,sara.schwartz@example.com,Backend Engineer,89.15,127.2,1
RS00342,Brittany Young,brittany.young@example.com,ML Engineer,88.54,149.13,1
RS00343,Eugene Martinez,eugene.martinez@example.com,Data Engineer,77.11,114.39,1
RS00344,Cody Hart,cody.hart@example.com,BI Developer,58.36,91.84,1
RS00345,Evan Cooper,evan.cooper@example.com,Analytics Engineer,64.16,137.08,1
RS00346,Joshua Martin,joshua.martin@example.com,Backend Engineer,73.2,133.02,1
RS00347,Thomas Sullivan,thomas.sullivan@example.com,ML Engineer,89.0,141.86,1
RS00348,Mr. Jimmy Flores Jr.,mr..jimmy.flores.jr.@example.com,Backend Engineer,88.8,145.83,1
RS00349,Vanessa Rivera,vanessa.rivera@example.com,ML Engineer,84.94,160.83,1
RS00350,Kara Roberts,kara.roberts@example.com,ML Engineer,71.24,139.0,1
RS00351,Veronica Berry,veronica.berry@example.com,Project Coordinator,41.63,62.94,1
RS00352,Keith Meadows,keith.meadows@example.com,Data Engineer,73.6,127.17,1
RS00353,Michael Dennis,michael.dennis@example.com,BI Developer,55.59,96.97,1
RS00354,Brenda Pierce,brenda.pierce@example.com,BI Developer,69.04,100.57,1
RS00355,James Randall,james.randall@example.com,QA Engineer,47.23,77.31,1
RS00356,Brandon Brown,brandon.brown@example.com,Data Engineer,77.74,114.91,1
RS00357,Lauren Walker,lauren.walker@example.com,ML Engineer,89.05,158.41,1
RS00358,Diana Johnson,diana.johnson@example.com,ML Engineer,78.55,145.18,1
RS00359,Jill Powers,jill.powers@example.com,Data Analyst,61.21,87.71,1
RS00360,Jorge Lee,jorge.lee@example.com,BI Developer,64.85,117.93,1
RS00361,Larry Harding,larry.harding@example.com,Project Coordinator,45.58,80.96,1
RS00362,Heather Hernandez,heather.hernandez@example.com,Data Engineer,75.13,124.58,1
RS00363,Jaclyn Watson,jaclyn.watson@example.com,Analytics Engineer,69.88,106.79,1
RS00364,Gregory Madden,gregory.madden@example.com,Backend Engineer,75.05,143.58,1
RS00365,Anita Luna,anita.luna@example.com,Analytics Engineer,71.26,131.21,1
RS00366,Willie Lara,willie.lara@example.com,Data Engineer,63.92,117.22,1
RS00367,Robert Waller,robert.waller@example.com,QA Engineer,39.66,91.23,1
RS00368,Steven Taylor,steven.taylor@example.com,Project Coordinator,43.64,62.14,1
RS00369,Angelica Clark,angelica.clark@example.com,ML Engineer,77.3,156.2,1
RS00370,Sean Hatfield,sean.hatfield@example.com,Project Coordinator,42.07,62.56,1
RS00371,Tyler Avila,tyler.avila@example.com,Backend Engineer,89.18,145.03,1
RS00372,Jason Rocha,jason.rocha@example.com,QA Engineer,58.93,79.95,1
RS00373,Justin Page,justin.page@example.com,Project Coordinator,41.88,86.43,1
RS00374,Breanna Lopez,breanna.lopez@example.com,BI Developer,58.13,109.75,1
RS00375,Julian Williams,julian.williams@example.com,BI Developer,51.3,100.64,1
RS00376,Sandra Torres,sandra.torres@example.com,Project Coordinator,33.09,62.21,1
RS00377,Julie Johnson,julie.johnson@example.com,Project Coordinator,30.02,56.37,1
RS00378,Dennis Blanchard,dennis.blanchard@example.com,Project Coordinator,54.43,63.48,1
RS00379,Kaitlyn Valdez,kaitlyn.valdez@example.com,BI Developer,61.58,114.37,1
RS00380,Jennifer Vasquez,jennifer.vasquez@example.com,Backend Engineer,78.77,125.36,1
RS00381,Danielle Wilson,danielle.wilson@example.com,Analytics Engineer,78.2,126.01,1
RS00382,Zachary Jones,zachary.jones@example.com,QA Engineer,53.28,91.94,1
RS00383,Lauren Cunningham,lauren.cunningham@example.com,QA Engineer,59.39,85.07,1
RS00384,Lori Alvarez,lori.alvarez@example.com,Data Analyst,48.54,97.7,1
RS00385,Barbara Hunt,barbara.hunt@example.com,QA Engineer,36.71,96.41,1
RS00386,Sarah Martin,sarah.martin@example.com,Backend Engineer,67.98,131.47,1
RS00387,Francisco Johns,francisco.johns@example.com,Data Engineer,75.39,115.91,1
RS00388,Christopher Nelson,christopher.nelson@example.com,Project Coordinator,39.84,71.57,1
RS00389,Thomas Kelly,thomas.kelly@example.com,ML Engineer,91.36,141.9,1
RS00390,Joseph Mayer,joseph.mayer@example.com,Analytics Engineer,81.74,108.08,1
RS00391,Pamela White,pamela.white@example.com,BI Developer,64.42,114.66,1
RS00392,Paul Stephens,paul.stephens@example.com,Data Engineer,59.55,110.06,1
RS00393,Samantha Cohen,samantha.cohen@example.com,ML Engineer,74.14,154.73,1
RS00394,Michael Barker,michael.barker@example.com,Analytics Engineer,73.38,127.24,1
RS00395,Kevin Morrow,kevin.morrow@example.com,Analytics Engineer,64.91,112.41,1
RS00396,Joseph Watson,joseph.watson@example.com,Data Analyst,41.04,86.27,1
RS00397,Mr. Thomas Garcia,mr..thomas.garcia@example.com,Data Engineer,68.99,125.03,1
RS00398,Daniel Lopez,daniel.lopez@example.com,Data Analyst,56.67,90.24,1
RS00399,Lisa Guerra,lisa.guerra@example.com,Project Coordinator,53.83,80.17,1
RS00400,Kim Arnold,kim.arnold@example.com,Data Engineer,78.25,113.47,1
RS00401,Ashley Stevens,ashley.stevens@example.com,Analytics Engineer,66.47,106.85,1
RS00402,Robert Mclean,robert.mclean@example.com,BI Developer,63.15,89.25,1
RS00403,Eric Cox,eric.cox@example.com,Data Engineer,62.57,113.64,1
RS00404,Stacy Harper,stacy.harper@example.com,ML Engineer,84.11,151.02,1
RS00405,Gloria Mckinney,gloria.mckinney@example.com,Data Analyst,44.16,88.29,1
RS00406,Robert Walker,robert.walker@example.com,Data Analyst,55.43,108.94,1
RS00407,Brenda Perez,brenda.perez@example.com,Project Coordinator,48.19,87.29,1
RS00408,Carlos Miller,carlos.miller@example.com,Analytics Engineer,79.06,125.71,1
RS00409,Rachel Jones,rachel.jones@example.com,Backend Engineer,69.8,143.33,1
RS00410,Nicole Williams,nicole.williams@example.com,QA Engineer,50.58,86.09,1
RS00411,Ricky Palmer,ricky.palmer@example.com,Data Engineer,67.24,113.5,1
RS00412,Bryan King,bryan.king@example.com,Project Coordinator,38.36,73.18,1
RS00413,Michael Webster,michael.webster@example.com,Data Engineer,59.94,123.18,1
RS00414,Tamara Harris,tamara.harris@example.com,Backend Engineer,69.64,122.97,1
RS00415,Cathy Bell,cathy.bell@example.com,QA Engineer,45.91,88.04,1
RS00416,Ryan Mcmahon,ryan.mcmahon@example.com,BI Developer,55.94,94.69,1
RS00417,Hannah Martin,hannah.martin@example.com,QA Engineer,48.95,77.15,1
RS00418,Monica Allen,monica.allen@example.com,Data Engineer,78.32,127.29,1
RS00419,Annette Lane,annette.lane@example.com,Backend Engineer,77.56,131.48,1
RS00420,Daniel Lee,daniel.lee@example.com,QA Engineer,53.43,66.28,1
RS00421,Steven Medina,steven.medina@example.com,ML Engineer,81.87,141.77,1
RS00422,Annette Lewis,annette.lewis@example.com,Analytics Engineer,83.01,105.42,1
RS00423,Michelle Richardson,michelle.richardson@example.com,Analytics Engineer,73.82,130.92,1
RS00424,Jessica Rosario,jessica.rosario@example.com,Analytics Engineer,72.13,107.99,1
RS00425,Henry Gray,henry.gray@example.com,BI Developer,69.31,103.13,1
RS00426,Darren Rodriguez,darren.rodriguez@example.com,ML Engineer,85.35,138.28,1
RS00427,Mrs. Ashley Taylor,mrs..ashley.taylor@example.com,BI Developer,57.09,100.02,1
RS00428,Michele Hawkins,michele.hawkins@example.com,BI Developer,46.87,88.72,1
RS00429,Garrett Wilson,garrett.wilson@example.com,ML Engineer,90.94,138.39,1
RS00430,Kyle Collins,kyle.collins@example.com,Analytics Engineer,64.87,122.67,1
RS00431,Jill Spencer,jill.spencer@example.com,BI Developer,64.22,87.17,1
RS00432,Scott Lopez,scott.lopez@example.com,ML Engineer,84.42,134.17,1
RS00433,Ryan Alvarez,ryan.alvarez@example.com,QA Engineer,35.91,66.85,1
RS00434,Cassie Lutz,cassie.lutz@example.com,BI Developer,65.85,89.13,1
RS00435,Brian Kim DDS,brian.kim.dds@example.com,Data Engineer,56.13,110.33,1
RS00436,Charles Morales,charles.morales@example.com,Backend Engineer,86.1,129.18,1
RS00437,Ashley Schaefer,ashley.schaefer@example.com,BI Developer,55.54,86.4,1
RS00438,Amy Hester,amy.hester@example.com,Data Engineer,66.23,115.22,1
RS00439,Kurt Ewing,kurt.ewing@example.com,Data Engineer,69.27,106.63,1
RS00440,Ryan Hardy,ryan.hardy@example.com,ML Engineer,77.89,133.73,1
RS00441,Micheal Perkins,micheal.perkins@example.com,QA Engineer,44.17,68.48,1
RS00442,Richard Schneider,richard.schneider@example.com,Analytics Engineer,79.16,138.82,1
RS00443,John Morrison,john.morrison@example.com,Backend Engineer,89.25,150.28,1
RS00444,John Ramirez,john.ramirez@example.com,BI Developer,60.02,109.53,1
RS00445,Ashley King,ashley.king@example.com,QA Engineer,42.13,87.08,1
RS00446,Mark Taylor Jr.,mark.taylor.jr.@example.com,Backend Engineer,76.39,136.87,1
RS00447,Barry Gregory,barry.gregory@example.com,ML Engineer,88.94,139.87,1
RS00448,Janet Shelton,janet.shelton@example.com,QA Engineer,42.95,97.36,1
RS00449,Marco Davis,marco.davis@example.com,Analytics Engineer,61.41,122.0,1
RS00450,Paul Saunders,paul.saunders@example.com,Data Engineer,77.82,116.36,1
RS00451,Christina Bates,christina.bates@example.com,Data Analyst,53.66,83.74,1
RS00452,Dennis Cooper PhD,dennis.cooper.phd@example.com,Data Analyst,48.58,104.82,1
RS00453,Tiffany Johnson,tiffany.johnson@example.com,Data Analyst,53.98,93.02,1
RS00454,Thomas Reyes,thomas.reyes@example.com,Project Coordinator,32.49,55.56,1
RS00455,James Stevens,james.stevens@example.com,QA Engineer,59.09,78.19,1
RS00456,Justin Dalton,justin.dalton@example.com,Analytics Engineer,75.08,107.79,1
RS00457,Michael Henry,michael.henry@example.com,ML Engineer,87.08,162.64,1
RS00458,Mike Freeman,mike.freeman@example.com,Data Engineer,69.39,99.41,1
RS00459,Michael Keller,michael.keller@example.com,Backend Engineer,79.54,146.82,1
RS00460,Laura Alvarez,laura.alvarez@example.com,Project Coordinator,40.16,85.79,1
RS00461,Katie Myers,katie.myers@example.com,QA Engineer,51.22,96.47,1
RS00462,Wesley Jensen MD,wesley.jensen.md@example.com,Analytics Engineer,75.59,109.6,1
RS00463,Erica Johnson,erica.johnson@example.com,Project Coordinator,37.74,62.06,1
RS00464,Russell Bailey,russell.bailey@example.com,Data Engineer,77.72,121.61,1
RS00465,Alyssa Vance,alyssa.vance@example.com,QA Engineer,51.91,75.53,1
RS00466,Brent Reed,brent.reed@example.com,Data Analyst,44.6,101.48,1
RS00467,Gregory Stanley,gregory.stanley@example.com,Data Engineer,66.85,102.9,1
RS00468,Matthew Watkins,matthew.watkins@example.com,ML Engineer,85.42,131.41,1
RS00469,Ana Torres,ana.torres@example.com,Analytics Engineer,68.15,121.4,1
RS00470,Alejandro Nguyen,alejandro.nguyen@example.com,Data Analyst,43.7,109.46,1
RS00471,Scott Bradley,scott.bradley@example.com,BI Developer,50.23,89.56,1
RS00472,Deborah Dominguez,deborah.dominguez@example.com,ML Engineer,75.09,156.92,1
RS00473,Victoria Gray,victoria.gray@example.com,QA Engineer,45.64,84.79,1
RS00474,Kenneth Stokes,kenneth.stokes@example.com,Project Coordinator,30.53,56.21,1
RS00475,Michael Rogers,michael.rogers@example.com,Analytics Engineer,71.15,133.58,1
RS00476,Pamela Morgan,pamela.morgan@example.com,Data Analyst,62.13,78.03,1
RS00477,Heidi Graham,heidi.graham@example.com,BI Developer,58.46,116.96,1
RS00478,Ryan Cobb PhD,ryan.cobb.phd@example.com,Backend Engineer,74.7,149.03,1
RS00479,Donna Williams,donna.williams@example.com,BI Developer,48.34,117.74,1
RS00480,Jennifer Perez PhD,jennifer.perez.phd@example.com,Data Analyst,58.79,107.95,1
RS00481,Ryan Davis,ryan.davis@example.com,QA Engineer,51.92,77.72,1
RS00482,Austin Solis,austin.solis@example.com,Project Coordinator,53.45,64.64,1
RS00483,Daniel Flynn,daniel.flynn@example.com,Data Engineer,63.3,119.53,1
RS00484,Elizabeth Brock,elizabeth.brock@example.com,Data Engineer,74.13,127.53,1
RS00485,Joshua Gonzalez,joshua.gonzalez@example.com,Project Coordinator,35.12,82.93,1
RS00486,Mario Chavez,mario.chavez@example.com,ML Engineer,88.46,132.23,1
RS00487,Catherine Smith,catherine.smith@example.com,BI Developer,54.68,94.9,1
RS00488,Shari Ray,shari.ray@example.com,Data Engineer,62.61,129.4,1
RS00489,Victor Harmon,victor.harmon@example.com,Data Engineer,71.07,120.12,1
RS00490,Timothy Patel,timothy.patel@example.com,Project Coordinator,54.42,68.2,1
RS00491,Patricia Hamilton,patricia.hamilton@example.com,ML Engineer,90.05,145.21,1
RS00492,Lori Boyd,lori.boyd@example.com,ML Engineer,91.74,136.32,1
RS00493,Charles Hernandez,charles.hernandez@example.com,QA Engineer,58.69,72.66,1
RS00494,Elizabeth Graham,elizabeth.graham@example.com,Backend Engineer,73.16,146.47,1
RS00495,Ronald Brown,ronald.brown@example.com,Data Analyst,49.84,96.29,1
RS00496,Jason Colon,jason.colon@example.com,ML Engineer,81.11,155.98,1
RS00497,Dawn Burke,dawn.burke@example.com,Data Engineer,60.71,97.05,1
RS00498,Brian Lee,brian.lee@example.com,BI Developer,52.5,101.6,1
RS00499,Ronald Marshall,ronald.marshall@example.com,Analytics Engineer,64.2,117.42,1
RS00500,Jessica Lucas,jessica.lucas@example.com,ML Engineer,80.0,132.01,1
RS00501,Christopher Taylor,christopher.taylor@example.com,Analytics Engineer,74.58,135.95,1
RS00502,Robert Hopkins,robert.hopkins@example.com,QA Engineer,38.79,85.92,1
RS00503,Samuel Stuart,samuel.stuart@example.com,Analytics Engineer,76.62,119.68,1
RS00504,Mr. Scott Miller,mr..scott.miller@example.com,BI Developer,62.53,99.38,1
RS00505,Sharon Lester,sharon.lester@example.com,ML Engineer,82.62,130.26,1
RS00506,Jack Sandoval,jack.sandoval@example.com,QA Engineer,52.29,88.15,1
RS00507,Tony Ramsey,tony.ramsey@example.com,Data Analyst,40.96,87.89,1
RS00508,Brian Navarro,brian.navarro@example.com,Backend Engineer,89.48,134.73,1
RS00509,Kelly Calderon,kelly.calderon@example.com,Backend Engineer,77.55,151.85,1
RS00510,Tara King,tara.king@example.com,ML Engineer,87.93,150.37,1
RS00511,Cynthia Martinez,cynthia.martinez@example.com,Project Coordinator,49.95,85.25,1
RS00512,Erin Silva,erin.silva@example.com,ML Engineer,81.42,146.63,1
RS00513,Paul Young,paul.young@example.com,Data Analyst,49.65,108.83,1
RS00514,Charles Thompson,charles.thompson@example.com,Backend Engineer,82.43,122.91,1
RS00515,Jessica King,jessica.king@example.com,Backend Engineer,86.57,136.82,1
RS00516,Katherine Brooks,katherine.brooks@example.com,Data Analyst,41.72,94.24,1
RS00517,Emily Coleman,emily.coleman@example.com,Project Coordinator,40.43,85.72,1
RS00518,Tracey Suarez,tracey.suarez@example.com,Backend Engineer,70.1,148.93,1
RS00519,Heidi Baldwin,heidi.baldwin@example.com,Data Engineer,68.94,96.91,1
RS00520,Alisha Rasmussen,alisha.rasmussen@example.com,BI Developer,69.3,102.94,1
RS00521,Sarah Bates,sarah.bates@example.com,Data Engineer,62.27,111.43,1
RS00522,Melissa Mccormick,melissa.mccormick@example.com,Project Coordinator,51.45,65.67,1
RS00523,Juan Parker,juan.parker@example.com,Data Engineer,59.82,99.52,1
RS00524,Heidi Burnett,heidi.burnett@example.com,Data Engineer,62.45,122.3,1
RS00525,Sean Mathews,sean.mathews@example.com,BI Developer,56.79,92.96,1
RS00526,Theodore Long,theodore.long@example.com,QA Engineer,39.15,76.65,1
RS00527,Dawn Davis,dawn.davis@example.com,Project Coordinator,53.5,67.01,1
RS00528,Cynthia Clark,cynthia.clark@example.com,QA Engineer,59.7,81.98,1
RS00529,Sydney Welch,sydney.welch@example.com,Analytics Engineer,64.48,136.19,1
RS00530,Pamela Sullivan,pamela.sullivan@example.com,Analytics Engineer,71.51,129.84,1
RS00531,Sean Morrow,sean.morrow@example.com,Data Engineer,79.59,96.76,1
RS00532,Kaitlin Gutierrez,kaitlin.gutierrez@example.com,Project Coordinator,32.42,80.22,1
RS00533,Michelle Mcdowell,michelle.mcdowell@example.com,Analytics Engineer,67.05,111.45,1
RS00534,Samantha Hale,samantha.hale@example.com,Backend Engineer,65.98,120.76,1
RS00535,Heather Guzman,heather.guzman@example.com,QA Engineer,54.36,69.71,1
RS00536,Nancy Chavez,nancy.chavez@example.com,Backend Engineer,76.69,141.21,1
RS00537,Anthony May,anthony.may@example.com,QA Engineer,45.71,65.95,1
RS00538,Rachel Taylor,rachel.taylor@example.com,BI Developer,64.59,85.37,1
RS00539,Mark Edwards,mark.edwards@example.com,Data Engineer,74.05,126.27,1
RS00540,Christopher Black,christopher.black@example.com,Analytics Engineer,70.82,123.74,1
RS00541,Sandra Hines,sandra.hines@example.com,Project Coordinator,41.92,68.62,1
RS00542,Melissa Sparks,melissa.sparks@example.com,Backend Engineer,87.19,151.29,1
RS00543,John Moss,john.moss@example.com,Data Analyst,48.4,96.53,1
RS00544,Michael Serrano,michael.serrano@example.com,Project Coordinator,53.17,88.67,1
RS00545,Christina Perry,christina.perry@example.com,Data Engineer,67.72,110.85,1
RS00546,Shawn Duffy,shawn.duffy@example.com,Data Analyst,46.97,108.56,1
RS00547,Courtney Vaughan,courtney.vaughan@example.com,Data Engineer,58.57,115.29,1
RS00548,Maria Sims,maria.sims@example.com,ML Engineer,77.06,139.77,1
RS00549,Valerie Gonzalez,valerie.gonzalez@example.com,Backend Engineer,75.12,154.96,1
RS00550,Caroline Morales,caroline.morales@example.com,Data Analyst,41.37,95.25,1
RS00551,David Davis,david.davis@example.com,Analytics Engineer,62.06,110.41,1
RS00552,Travis Wilson,travis.wilson@example.com,ML Engineer,80.99,147.87,1
RS00553,Jessica Mora,jessica.mora@example.com,Data Analyst,46.47,86.08,1
RS00554,Michael Wilson,michael.wilson@example.com,Data Analyst,42.17,85.61,1
RS00555,Cheryl Atkins,cheryl.atkins@example.com,Project Coordinator,54.16,88.06,1
RS00556,Donna Snyder,donna.snyder@example.com,Backend Engineer,73.37,139.98,1
RS00557,Scott Greene,scott.greene@example.com,Data Engineer,77.74,95.22,1
RS00558,Diane Byrd MD,diane.byrd.md@example.com,ML Engineer,90.27,163.19,1
RS00559,Charles Roberts,charles.roberts@example.com,Project Coordinator,32.28,60.65,1
RS00560,Luke Solomon,luke.solomon@example.com,Data Analyst,64.02,93.81,1
RS00561,Michael Ellis,michael.ellis@example.com,Data Engineer,55.35,104.02,1
RS00562,Casey Morris,casey.morris@example.com,Data Analyst,51.25,99.25,1
RS00563,Melissa Reeves,melissa.reeves@example.com,QA Engineer,53.33,99.84,1
RS00564,Nancy Scott,nancy.scott@example.com,Analytics Engineer,67.19,123.84,1
RS00565,Anthony Cook,anthony.cook@example.com,ML Engineer,83.33,144.2,1
RS00566,Terry Barajas,terry.barajas@example.com,Project Coordinator,34.23,89.21,1
RS00567,Tracy George,tracy.george@example.com,BI Developer,66.33,102.44,1
RS00568,Amber King,amber.king@example.com,Data Analyst,55.08,82.95,1
RS00569,Elizabeth Foster,elizabeth.foster@example.com,BI Developer,58.59,109.32,1
RS00570,Walter Hansen,walter.hansen@example.com,Analytics Engineer,72.88,139.66,1
RS00571,Debbie Gordon,debbie.gordon@example.com,BI Developer,60.28,97.98,1
RS00572,Sherry Anderson,sherry.anderson@example.com,Analytics Engineer,79.3,110.97,1
RS00573,Joseph Thomas,joseph.thomas@example.com,BI Developer,54.61,97.14,1
RS00574,Andrew Anderson,andrew.anderson@example.com,ML Engineer,80.8,157.36,1
RS00575,Sandy Adkins,sandy.adkins@example.com,Data Analyst,52.1,102.79,1
RS00576,Diane Mcdowell,diane.mcdowell@example.com,ML Engineer,84.41,141.97,1
RS00577,Pam Baker,pam.baker@example.com,Data Analyst,60.25,83.34,1
RS00578,Steven Stewart,steven.stewart@example.com,Data Engineer,60.61,112.66,1
RS00579,Pamela Hernandez DVM,pamela.hernandez.dvm@example.com,ML Engineer,76.52,130.32,1
RS00580,Rebecca Brown,rebecca.brown@example.com,Project Coordinator,46.21,72.89,1
RS00581,David Johnson,david.johnson@example.com,Data Engineer,66.14,128.84,1
RS00582,Michael Graham,michael.graham@example.com,QA Engineer,49.28,95.22,1
RS00583,Tammy Williams MD,tammy.williams.md@example.com,Data Engineer,58.49,114.92,1
RS00584,Karina Vasquez,karina.vasquez@example.com,Backend Engineer,86.7,140.41,1
RS00585,Sharon Martinez,sharon.martinez@example.com,QA Engineer,52.95,78.02,1
RS00586,Sean White,sean.white@example.com,QA Engineer,37.31,81.03,1
RS00587,Jordan Nelson,jordan.nelson@example.com,ML Engineer,79.86,160.35,1
RS00588,Laurie Silva,laurie.silva@example.com,Analytics Engineer,66.1,138.84,1
RS00589,Kelly Duncan,kelly.duncan@example.com,Project Coordinator,53.95,63.67,1
RS00590,Billy Tate,billy.tate@example.com,Project Coordinator,38.7,86.34,1
RS00591,Stacy Johnson,stacy.johnson@example.com,Backend Engineer,89.17,135.52,1
RS00592,Melanie Long,melanie.long@example.com,Data Engineer,63.02,113.41,1
RS00593,Tiffany Hood,tiffany.hood@example.com,Data Analyst,57.19,84.57,1
RS00594,Brad Rivas,brad.rivas@example.com,Data Engineer,73.41,96.81,1
RS00595,Jordan Moses,jordan.moses@example.com,ML Engineer,71.23,143.52,1
RS00596,Abigail Booker,abigail.booker@example.com,QA Engineer,43.84,76.05,1
RS00597,Tiffany Nguyen,tiffany.nguyen@example.com,Project Coordinator,42.28,66.23,1
RS00598,Morgan Bernard,morgan.bernard@example.com,Backend Engineer,69.81,130.83,1
RS00599,Christine Williams,christine.williams@example.com,Data Engineer,79.37,109.39,1
RS00600,Erica Brown,erica.brown@example.com,QA Engineer,46.12,85.18,1
